Prefab,LocX,LocY,LocZ,QuaW,QuaX,QuaY,QuaZ,ScaleX,ScaleY,ScaleZ
chengqiang_dixing1,0,0,0,0.7071068,0.7071068,0,0,25,25,1
Zhandaosuishi_003,-8,2,-2,0.6705661,-0.6705661,0.2243683,0.2243683,0.7,1.4,0.8
Zhandaosuishi_004,8,2,9,0.702904,-0.702904,0.07698047,0.07698047,0.7,0.8,0.7