Prefab,LocX,LocY,LocZ,QuaW,QuaX,QuaY,QuaZ,ScaleX,ScaleY,ScaleZ
Huangdi_01dixing1q,0,0,0,-0.5,0.5,-0.5,-0.5,0.02,0.02,0.02
Huangdi_01stone03,-8.045,1.78,-15.404,0.02433894,-0.02433896,0.7066878,0.7066878,3.532905,2.966805,1.598963
Huangdi_01three02,7.1,1.61,-7.64,0.7047192,-0.7047192,0.05805979,0.05805977,1,1,1
huangdi_02Pingyuan_jianzua1,4.6,-0.03,4.88,0.6757182,-0.6757182,-0.2083386,-0.2083385,1.138864,1.138864,1.138864
huangdi_02Pingyuan_jianzua2,0.54,-0.34,8.66,0.7062778,-0.7076961,0.01255233,0.01343155,1,1,1
huangdi_02qizi,-3.69,0.117,7.62,0.6549902,-0.6549902,0.2664355,0.2664355,0.4820971,0.4820973,0.4820972